"Name","SamAccountName","Enabled","Created","LastLogonDate"
"jcastaneda","jcastaneda","True","8/19/2026 5:48:47 PM",
"alingle","alingle","True","8/19/2026 5:49:26 PM",
"sdunaway","sdunaway","True","8/19/2026 5:50:05 PM",
"czemlicka","czemlicka","True","8/19/2026 5:50:42 PM",
"rrolls","rrolls","True","8/19/2026 5:48:47 PM",
"ispillman","ispillman","True","8/19/2026 5:49:26 PM",
"rpolinsky","rpolinsky","True","8/19/2026 5:50:05 PM",
"ypicard","ypicard","True","8/19/2026 5:50:42 PM",
"sschooley","sschooley","True","8/19/2026 5:48:47 PM",
"kmantooth","kmantooth","True","8/19/2026 5:49:26 PM",
"lbussiere","lbussiere","True","8/19/2026 5:50:05 PM",
"sdike","sdike","True","8/19/2026 5:50:42 PM",
"jhohlt","jhohlt","True","8/19/2026 5:48:47 PM",
"yperkinson","yperkinson","True","8/19/2026 5:49:26 PM",
"mgallager","mgallager","True","8/19/2026 5:50:05 PM",
"bsmalls","bsmalls","True","8/19/2026 5:50:42 PM",
"wbumgarner","wbumgarner","True","8/19/2026 5:48:47 PM",
"rmorehouse","rmorehouse","True","8/19/2026 5:49:26 PM",
"vpernice","vpernice","True","8/19/2026 5:50:05 PM",
"mrobinett","mrobinett","True","8/19/2026 5:50:42 PM",
"mfurlow","mfurlow","True","8/19/2026 5:48:47 PM",
"skoger","skoger","True","8/19/2026 5:49:26 PM",
"jtrivett","jtrivett","True","8/19/2026 5:50:05 PM",
"nlarkey","nlarkey","True","8/19/2026 5:50:42 PM",
"bmcloughlin","bmcloughlin","True","8/19/2026 5:48:48 PM",
"bharriston","bharriston","True","8/19/2026 5:49:27 PM",
"hjuares","hjuares","True","8/19/2026 5:50:05 PM",
"clarger","clarger","True","8/19/2026 5:50:43 PM",
"sbirden","sbirden","True","8/19/2026 5:48:48 PM",
"bwhang","bwhang","True","8/19/2026 5:49:27 PM",
"lrincon","lrincon","True","8/19/2026 5:50:06 PM",
"agannon","agannon","True","8/19/2026 5:50:43 PM",
"wpothier","wpothier","True","8/19/2026 5:48:48 PM",
"tparisien","tparisien","True","8/19/2026 5:49:27 PM",
"sdupras","sdupras","True","8/19/2026 5:50:06 PM",
"amolino","amolino","True","8/19/2026 5:50:43 PM",
"iauthement","iauthement","True","8/19/2026 5:48:48 PM",
"kpanek","kpanek","True","8/19/2026 5:49:27 PM",
"sgrennan","sgrennan","True","8/19/2026 5:50:06 PM",
"lfinlay","lfinlay","True","8/19/2026 5:50:43 PM",
"radkins","radkins","True","8/19/2026 5:48:48 PM",
"lhaggard","lhaggard","True","8/19/2026 5:49:27 PM",
"kleisinger","kleisinger","True","8/19/2026 5:50:06 PM",
"craber","craber","True","8/19/2026 5:50:43 PM",
"hgros","hgros","True","8/19/2026 5:48:48 PM",
"tzepeda","tzepeda","True","8/19/2026 5:49:27 PM",
"msteinmetz","msteinmetz","True","8/19/2026 5:50:06 PM",
"jsatterwhite","jsatterwhite","True","8/19/2026 5:50:43 PM",
"fstrey","fstrey","True","8/19/2026 5:48:48 PM",
"cjenkinson","cjenkinson","True","8/19/2026 5:49:27 PM",
"tbesser","tbesser","True","8/19/2026 5:50:06 PM",
"lwestover","lwestover","True","8/19/2026 5:50:44 PM",
"egolson","egolson","True","8/19/2026 5:48:49 PM",
"klacroix","klacroix","True","8/19/2026 5:49:28 PM",
"nkarst","nkarst","True","8/19/2026 5:50:06 PM",
"chetrick","chetrick","True","8/19/2026 5:50:44 PM",
"cbusbee","cbusbee","True","8/19/2026 5:48:49 PM",
"wdesmond","wdesmond","True","8/19/2026 5:49:28 PM",
"bglasgow","bglasgow","True","8/19/2026 5:50:07 PM",
"mliechty","mliechty","True","8/19/2026 5:50:44 PM",
"pvillalpando","pvillalpando","True","8/19/2026 5:48:49 PM",
"mcolone","mcolone","True","8/19/2026 5:49:28 PM",
"gespada","gespada","True","8/19/2026 5:50:07 PM",
"amaske","amaske","True","8/19/2026 5:50:44 PM",
"mmcelroy","mmcelroy","True","8/19/2026 5:48:49 PM",
"lwinford","lwinford","True","8/19/2026 5:49:28 PM",
"hleight","hleight","True","8/19/2026 5:50:07 PM",
"lbeumer","lbeumer","True","8/19/2026 5:50:44 PM",
"aloy","aloy","True","8/19/2026 5:48:49 PM",
"amaharaj","amaharaj","True","8/19/2026 5:49:28 PM",
"bbitner","bbitner","True","8/19/2026 5:50:07 PM",
"babshire","babshire","True","8/19/2026 5:50:44 PM",
"clevett","clevett","True","8/19/2026 5:48:49 PM",
"dsalguero","dsalguero","True","8/19/2026 5:49:28 PM",
"sstallman","sstallman","True","8/19/2026 5:50:07 PM",
"vschuler","vschuler","True","8/19/2026 5:50:44 PM",
"mescovedo","mescovedo","True","8/19/2026 5:48:50 PM",
"spough","spough","True","8/19/2026 5:49:28 PM",
"khoskins","khoskins","True","8/19/2026 5:50:07 PM",
"lolson","lolson","True","8/19/2026 5:50:45 PM",
"dpulsifer","dpulsifer","True","8/19/2026 5:48:50 PM",
"qnygard","qnygard","True","8/19/2026 5:49:29 PM",
"cloflin","cloflin","True","8/19/2026 5:50:07 PM",
"kharriston","kharriston","True","8/19/2026 5:50:45 PM",
"rsmock","rsmock","True","8/19/2026 5:49:29 PM",
"moster","moster","True","8/19/2026 5:50:08 PM",
"mharker","mharker","True","8/19/2026 5:50:45 PM",
"dmouton","dmouton","True","8/19/2026 5:48:50 PM",
"cpentecost","cpentecost","True","8/19/2026 5:49:29 PM",
"mmacek","mmacek","True","8/19/2026 5:50:08 PM",
"tjanuary","tjanuary","True","8/19/2026 5:50:45 PM",
"gjoachim","gjoachim","True","8/19/2026 5:48:50 PM",
"afegan","afegan","True","8/19/2026 5:49:29 PM",
"serion","serion","True","8/19/2026 5:50:08 PM",
"rkrick","rkrick","True","8/19/2026 5:50:45 PM",
"kkeehn","kkeehn","True","8/19/2026 5:48:50 PM",
"mmontano","mmontano","True","8/19/2026 5:49:29 PM",
"cmetayer","cmetayer","True","8/19/2026 5:50:08 PM",
"jmcgrane","jmcgrane","True","8/19/2026 5:50:46 PM",
"skolar","skolar","True","8/19/2026 5:48:51 PM",
"jreplogle","jreplogle","True","8/19/2026 5:49:30 PM",
"ebeane","ebeane","True","8/19/2026 5:50:08 PM",
"mschlecht","mschlecht","True","8/19/2026 5:50:46 PM",
"sricken","sricken","True","8/19/2026 5:48:51 PM",
"dalexandre","dalexandre","True","8/19/2026 5:49:30 PM",
"ltelles","ltelles","True","8/19/2026 5:50:08 PM",
"ksuniga","ksuniga","True","8/19/2026 5:50:46 PM",
"sbellamy","sbellamy","True","8/19/2026 5:48:51 PM",
"jtroupe","jtroupe","True","8/19/2026 5:49:30 PM",
"bdubrey","bdubrey","True","8/19/2026 5:50:09 PM",
"hnorton","hnorton","True","8/19/2026 5:50:46 PM",
"jblauvelt","jblauvelt","True","8/19/2026 5:48:51 PM",
"jhumes","jhumes","True","8/19/2026 5:49:30 PM",
"clobdell","clobdell","True","8/19/2026 5:50:09 PM",
"peanes","peanes","True","8/19/2026 5:50:46 PM",
"lprimer","lprimer","True","8/19/2026 5:48:51 PM",
"tbonaparte","tbonaparte","True","8/19/2026 5:49:30 PM",
"jdurgin","jdurgin","True","8/19/2026 5:50:09 PM",
"zfrei","zfrei","True","8/19/2026 5:50:46 PM",
"dmackowiak","dmackowiak","True","8/19/2026 5:48:51 PM",
"tszabo","tszabo","True","8/19/2026 5:49:30 PM",
"dtrueman","dtrueman","True","8/19/2026 5:50:09 PM",
"kmorena","kmorena","True","8/19/2026 5:50:46 PM",
"dforbush","dforbush","True","8/19/2026 5:48:51 PM",
"cmullan","cmullan","True","8/19/2026 5:49:30 PM",
"sedgley","sedgley","True","8/19/2026 5:50:09 PM",
"ckurt","ckurt","True","8/19/2026 5:50:47 PM",
"cdomenech","cdomenech","True","8/19/2026 5:48:52 PM",
"cbonnie","cbonnie","True","8/19/2026 5:49:31 PM",
"ahamamoto","ahamamoto","True","8/19/2026 5:50:09 PM",
"garehart","garehart","True","8/19/2026 5:50:47 PM",
"mshirey","mshirey","True","8/19/2026 5:48:52 PM",
"vpigman","vpigman","True","8/19/2026 5:49:31 PM",
"vclouse","vclouse","True","8/19/2026 5:50:10 PM",
"cjeffries","cjeffries","True","8/19/2026 5:50:47 PM",
"tmoats","tmoats","True","8/19/2026 5:48:52 PM",
"kbrackins","kbrackins","True","8/19/2026 5:49:31 PM",
"flombardo","flombardo","True","8/19/2026 5:50:10 PM",
"nmewborn","nmewborn","True","8/19/2026 5:50:47 PM",
"paslett","paslett","True","8/19/2026 5:48:52 PM",
"kquijas","kquijas","True","8/19/2026 5:49:31 PM",
"swireman","swireman","True","8/19/2026 5:50:10 PM",
"tmood","tmood","True","8/19/2026 5:50:47 PM",
"jluckie","jluckie","True","8/19/2026 5:48:52 PM",
"aweyer","aweyer","True","8/19/2026 5:49:31 PM",
"swein","swein","True","8/19/2026 5:50:10 PM",
"dlantz","dlantz","True","8/19/2026 5:50:47 PM",
"smunson","smunson","True","8/19/2026 5:48:52 PM",
"lglick","lglick","True","8/19/2026 5:49:31 PM",
"tlongacre","tlongacre","True","8/19/2026 5:50:10 PM",
"elukasiewicz","elukasiewicz","True","8/19/2026 5:50:47 PM",
"etenorio","etenorio","True","8/19/2026 5:48:52 PM",
"ewishon","ewishon","True","8/19/2026 5:49:32 PM",
"vbagnall","vbagnall","True","8/19/2026 5:50:10 PM",
"pdobbs","pdobbs","True","8/19/2026 5:50:48 PM",
"nbedgood","nbedgood","True","8/19/2026 5:48:53 PM",
"abreedlove","abreedlove","True","8/19/2026 5:49:32 PM",
"ehott","ehott","True","8/19/2026 5:50:10 PM",
"lmckeighan","lmckeighan","True","8/19/2026 5:50:48 PM",
"sogren","sogren","True","8/19/2026 5:48:53 PM",
"lcyr","lcyr","True","8/19/2026 5:49:32 PM",
"knewton","knewton","True","8/19/2026 5:50:11 PM",
"rcronan","rcronan","True","8/19/2026 5:50:48 PM",
"cbailes","cbailes","True","8/19/2026 5:48:53 PM",
"rchavarria","rchavarria","True","8/19/2026 5:49:32 PM",
"dgetty","dgetty","True","8/19/2026 5:50:11 PM",
"lhenrichs","lhenrichs","True","8/19/2026 5:50:48 PM",
"apajak","apajak","True","8/19/2026 5:48:53 PM",
"nnuckles","nnuckles","True","8/19/2026 5:49:32 PM",
"cpalermo","cpalermo","True","8/19/2026 5:50:11 PM",
"ccalvery","ccalvery","True","8/19/2026 5:50:48 PM",
"lfeltman","lfeltman","True","8/19/2026 5:48:53 PM",
"rspurling","rspurling","True","8/19/2026 5:49:32 PM",
"ewardell","ewardell","True","8/19/2026 5:50:11 PM",
"wfazenbaker","wfazenbaker","True","8/19/2026 5:50:48 PM",
"nkyle","nkyle","True","8/19/2026 5:48:53 PM",
"ygladden","ygladden","True","8/19/2026 5:49:32 PM",
"nhoriuchi","nhoriuchi","True","8/19/2026 5:50:11 PM",
"tborgeson","tborgeson","True","8/19/2026 5:50:48 PM",
"jbelser","jbelser","True","8/19/2026 5:48:54 PM",
"thultman","thultman","True","8/19/2026 5:49:33 PM",
"cgwinn","cgwinn","True","8/19/2026 5:50:11 PM",
"sderrick","sderrick","True","8/19/2026 5:50:49 PM",
"oarmendariz","oarmendariz","True","8/19/2026 5:48:54 PM",
"pkardos","pkardos","True","8/19/2026 5:49:33 PM",
"hmelendy","hmelendy","True","8/19/2026 5:50:11 PM",
"lstefani","lstefani","True","8/19/2026 5:50:49 PM",
"jelam","jelam","True","8/19/2026 5:48:54 PM",
"eskoglund","eskoglund","True","8/19/2026 5:49:33 PM",
"ckocher","ckocher","True","8/19/2026 5:50:12 PM",
"rgarand","rgarand","True","8/19/2026 5:50:49 PM",
"mrollman","mrollman","True","8/19/2026 5:48:54 PM",
"blent","blent","True","8/19/2026 5:49:33 PM",
"abargo","abargo","True","8/19/2026 5:50:12 PM",
"gcrone","gcrone","True","8/19/2026 5:50:49 PM",
"dboster","dboster","True","8/19/2026 5:48:54 PM",
"kgentle","kgentle","True","8/19/2026 5:49:33 PM",
"lnarvaez","lnarvaez","True","8/19/2026 5:50:12 PM",
"dfrancois","dfrancois","True","8/19/2026 5:50:49 PM",
"jsherry","jsherry","True","8/19/2026 5:48:54 PM",
"khodson","khodson","True","8/19/2026 5:49:33 PM",
"cgurley","cgurley","True","8/19/2026 5:50:12 PM",
"shelmick","shelmick","True","8/19/2026 5:50:50 PM",
"ablackwater","ablackwater","True","8/19/2026 5:48:55 PM",
"naugustine","naugustine","True","8/19/2026 5:49:33 PM",
"mmader","mmader","True","8/19/2026 5:50:12 PM",
"hfalcon","hfalcon","True","8/19/2026 5:50:50 PM",
"lknappenberger","lknappenberger","True","8/19/2026 5:48:55 PM",
"lbuechler","lbuechler","True","8/19/2026 5:49:34 PM",
"gagostini","gagostini","True","8/19/2026 5:50:12 PM",
"pkehoe","pkehoe","True","8/19/2026 5:50:50 PM",
"mrodas","mrodas","True","8/19/2026 5:48:55 PM",
"rwolery","rwolery","True","8/19/2026 5:49:34 PM",
"lkerns","lkerns","True","8/19/2026 5:50:12 PM",
"csheldon","csheldon","True","8/19/2026 5:50:50 PM",
"bvanantwerp","bvanantwerp","True","8/19/2026 5:48:55 PM",
"gpetrosky","gpetrosky","True","8/19/2026 5:49:34 PM",
"smart","smart","True","8/19/2026 5:50:13 PM",
"vhermann","vhermann","True","8/19/2026 5:50:50 PM",
"alegere","alegere","True","8/19/2026 5:48:55 PM",
"srainwater","srainwater","True","8/19/2026 5:49:34 PM",
"pfarnan","pfarnan","True","8/19/2026 5:50:13 PM",
"gpeden","gpeden","True","8/19/2026 5:50:50 PM",
"yreisinger","yreisinger","True","8/19/2026 5:48:55 PM",
"acoke","acoke","True","8/19/2026 5:49:34 PM",
"emanzanares","emanzanares","True","8/19/2026 5:50:13 PM",
"wbluhm","wbluhm","True","8/19/2026 5:50:50 PM",
"asarinana","asarinana","True","8/19/2026 5:48:55 PM",
"jpeffer","jpeffer","True","8/19/2026 5:49:35 PM",
"slivingstone","slivingstone","True","8/19/2026 5:50:13 PM",
"epettry","epettry","True","8/19/2026 5:50:51 PM",
"swachter","swachter","True","8/19/2026 5:48:56 PM",
"bchi","bchi","True","8/19/2026 5:49:35 PM",
"sklingbeil","sklingbeil","True","8/19/2026 5:50:13 PM",
"jaskey","jaskey","True","8/19/2026 5:50:51 PM",
"emost","emost","True","8/19/2026 5:48:56 PM",
"mmachnik","mmachnik","True","8/19/2026 5:49:35 PM",
"gheideman","gheideman","True","8/19/2026 5:50:13 PM",
"lkeiper","lkeiper","True","8/19/2026 5:50:51 PM",
"riverson","riverson","True","8/19/2026 5:48:56 PM",
"acastleberry","acastleberry","True","8/19/2026 5:49:35 PM",
"sorear","sorear","True","8/19/2026 5:50:13 PM",
"emccullar","emccullar","True","8/19/2026 5:50:51 PM",
"iwhitham","iwhitham","True","8/19/2026 5:48:56 PM",
"mdole","mdole","True","8/19/2026 5:49:35 PM",
"swolford","swolford","True","8/19/2026 5:50:14 PM",
"cbun","cbun","True","8/19/2026 5:50:51 PM",
"dhanus","dhanus","True","8/19/2026 5:48:56 PM",
"cbulow","cbulow","True","8/19/2026 5:49:35 PM",
"jgolding","jgolding","True","8/19/2026 5:50:14 PM",
"alott","alott","True","8/19/2026 5:50:51 PM",
"pyi","pyi","True","8/19/2026 5:48:56 PM",
"vrolfe","vrolfe","True","8/19/2026 5:49:35 PM",
"abilderback","abilderback","True","8/19/2026 5:50:14 PM",
"tellsworth","tellsworth","True","8/19/2026 5:50:51 PM",
"ccisneros","ccisneros","True","8/19/2026 5:48:56 PM",
"pruane","pruane","True","8/19/2026 5:49:36 PM",
"operrone","operrone","True","8/19/2026 5:50:14 PM",
"jkellett","jkellett","True","8/19/2026 5:50:52 PM",
"dteems","dteems","True","8/19/2026 5:48:57 PM",
"jtourville","jtourville","True","8/19/2026 5:49:36 PM",
"kspearman","kspearman","True","8/19/2026 5:50:14 PM",
"mburris","mburris","True","8/19/2026 5:50:52 PM",
"slayman","slayman","True","8/19/2026 5:48:57 PM",
"pluck","pluck","True","8/19/2026 5:49:36 PM",
"ctrueblood","ctrueblood","True","8/19/2026 5:50:14 PM",
"lhodges","lhodges","True","8/19/2026 5:50:52 PM",
"vgemmell","vgemmell","True","8/19/2026 5:48:57 PM",
"ahitch","ahitch","True","8/19/2026 5:49:36 PM",
"bmaziarz","bmaziarz","True","8/19/2026 5:50:14 PM",
"dgebhart","dgebhart","True","8/19/2026 5:50:52 PM",
"rsimas","rsimas","True","8/19/2026 5:48:57 PM",
"jgatson","jgatson","True","8/19/2026 5:49:36 PM",
"ngwyn","ngwyn","True","8/19/2026 5:50:15 PM",
"cpatchell","cpatchell","True","8/19/2026 5:50:52 PM",
"kvanzandt","kvanzandt","True","8/19/2026 5:48:57 PM",
"bsuber","bsuber","True","8/19/2026 5:49:36 PM",
"kcapel","kcapel","True","8/19/2026 5:50:15 PM",
"kcoach","kcoach","True","8/19/2026 5:50:53 PM",
"lborder","lborder","True","8/19/2026 5:48:57 PM",
"yeasler","yeasler","True","8/19/2026 5:49:36 PM",
"mbergin","mbergin","True","8/19/2026 5:50:15 PM",
"rpasco","rpasco","True","8/19/2026 5:50:53 PM",
"ccantrell","ccantrell","True","8/19/2026 5:48:58 PM",
"afleitas","afleitas","True","8/19/2026 5:49:37 PM",
"jmusgrave","jmusgrave","True","8/19/2026 5:50:15 PM",
"jgirardin","jgirardin","True","8/19/2026 5:50:53 PM",
"btagg","btagg","True","8/19/2026 5:48:58 PM",
"fschreiber","fschreiber","True","8/19/2026 5:49:37 PM",
"rcartledge","rcartledge","True","8/19/2026 5:50:15 PM",
"mcrisman","mcrisman","True","8/19/2026 5:50:53 PM",
"mhand","mhand","True","8/19/2026 5:48:58 PM",
"sahlquist","sahlquist","True","8/19/2026 5:49:37 PM",
"gleanos","gleanos","True","8/19/2026 5:50:15 PM",
"lsilcox","lsilcox","True","8/19/2026 5:50:53 PM",
"jortegon","jortegon","True","8/19/2026 5:48:58 PM",
"tnewbury","tnewbury","True","8/19/2026 5:49:37 PM",
"skasprzak","skasprzak","True","8/19/2026 5:50:15 PM",
"ccavaliere","ccavaliere","True","8/19/2026 5:50:53 PM",
"mduffel","mduffel","True","8/19/2026 5:48:58 PM",
"dresendes","dresendes","True","8/19/2026 5:49:37 PM",
"dfeist","dfeist","True","8/19/2026 5:50:16 PM",
"sley","sley","True","8/19/2026 5:50:54 PM",
"ksturgill","ksturgill","True","8/19/2026 5:48:59 PM",
"cpia","cpia","True","8/19/2026 5:49:37 PM",
"cgangemi","cgangemi","True","8/19/2026 5:50:16 PM",
"twingler","twingler","True","8/19/2026 5:50:54 PM",
"bmckinny","bmckinny","True","8/19/2026 5:48:59 PM",
"ebouton","ebouton","True","8/19/2026 5:49:38 PM",
"ckee","ckee","True","8/19/2026 5:50:16 PM",
"tmaniscalco","tmaniscalco","True","8/19/2026 5:50:54 PM",
"jmulcahy","jmulcahy","True","8/19/2026 5:48:59 PM",
"dkim","dkim","True","8/19/2026 5:49:38 PM",
"rfuston","rfuston","True","8/19/2026 5:50:16 PM",
"cwinn","cwinn","True","8/19/2026 5:50:54 PM",
"kbrazell","kbrazell","True","8/19/2026 5:48:59 PM",
"sfein","sfein","True","8/19/2026 5:49:38 PM",
"okuntz","okuntz","True","8/19/2026 5:50:16 PM",
"opae","opae","True","8/19/2026 5:50:54 PM",
"sgay","sgay","True","8/19/2026 5:48:59 PM",
"jdelariva","jdelariva","True","8/19/2026 5:49:38 PM",
"lpierro","lpierro","True","8/19/2026 5:50:16 PM",
"nfredericks","nfredericks","True","8/19/2026 5:50:54 PM",
"hwaite","hwaite","True","8/19/2026 5:48:59 PM",
"amoscoso","amoscoso","True","8/19/2026 5:49:38 PM",
"earcher","earcher","True","8/19/2026 5:50:17 PM",
"lebinger","lebinger","True","8/19/2026 5:50:55 PM",
"tcofield","tcofield","True","8/19/2026 5:48:59 PM",
"cscrews","cscrews","True","8/19/2026 5:49:38 PM",
"mleone","mleone","True","8/19/2026 5:50:17 PM",
"htalamantes","htalamantes","True","8/19/2026 5:50:55 PM",
"lparekh","lparekh","True","8/19/2026 5:49:00 PM",
"bhorsman","bhorsman","True","8/19/2026 5:49:39 PM",
"gshadle","gshadle","True","8/19/2026 5:50:17 PM",
"scarney","scarney","True","8/19/2026 5:50:55 PM",
"avalerius","avalerius","True","8/19/2026 5:49:00 PM",
"chornstein","chornstein","True","8/19/2026 5:49:39 PM",
"lsotelo","lsotelo","True","8/19/2026 5:50:17 PM",
"icuthbertson","icuthbertson","True","8/19/2026 5:50:55 PM",
"yburch","yburch","True","8/19/2026 5:49:00 PM",
"lhagar","lhagar","True","8/19/2026 5:49:39 PM",
"fvalois","fvalois","True","8/19/2026 5:50:17 PM",
"erummage","erummage","True","8/19/2026 5:50:55 PM",
"pconnor","pconnor","True","8/19/2026 5:49:00 PM",
"cgrimm","cgrimm","True","8/19/2026 5:49:39 PM",
"cbarrier","cbarrier","True","8/19/2026 5:50:17 PM",
"krogge","krogge","True","8/19/2026 5:50:55 PM",
"amakuch","amakuch","True","8/19/2026 5:49:00 PM",
"adandrea","adandrea","True","8/19/2026 5:49:39 PM",
"jboughton","jboughton","True","8/19/2026 5:50:17 PM",
"sbordeaux","sbordeaux","True","8/19/2026 5:50:56 PM",
"kschaner","kschaner","True","8/19/2026 5:49:01 PM",
"gslagle","gslagle","True","8/19/2026 5:49:39 PM",
"hzickefoose","hzickefoose","True","8/19/2026 5:50:18 PM",
"blepley","blepley","True","8/19/2026 5:50:56 PM",
"tlavalle","tlavalle","True","8/19/2026 5:49:01 PM",
"kcreasy","kcreasy","True","8/19/2026 5:49:39 PM",
"tcribb","tcribb","True","8/19/2026 5:50:18 PM",
"tramsdell","tramsdell","True","8/19/2026 5:50:56 PM",
"ebrunkhorst","ebrunkhorst","True","8/19/2026 5:49:01 PM",
"cnagao","cnagao","True","8/19/2026 5:49:40 PM",
"ckeeble","ckeeble","True","8/19/2026 5:50:18 PM",
"dvolkert","dvolkert","True","8/19/2026 5:50:56 PM",
"agaliano","agaliano","True","8/19/2026 5:49:01 PM",
"estransky","estransky","True","8/19/2026 5:49:40 PM",
"wgraff","wgraff","True","8/19/2026 5:50:18 PM",
"lwyrick","lwyrick","True","8/19/2026 5:50:56 PM",
"smolder","smolder","True","8/19/2026 5:49:01 PM",
"eveney","eveney","True","8/19/2026 5:49:40 PM",
"slaverty","slaverty","True","8/19/2026 5:50:18 PM",
"esuniga","esuniga","True","8/19/2026 5:50:57 PM",
"vmichie","vmichie","True","8/19/2026 5:49:01 PM",
"kmilligan","kmilligan","True","8/19/2026 5:49:40 PM",
"ewhitcomb","ewhitcomb","True","8/19/2026 5:50:18 PM",
"dmcglothlin","dmcglothlin","True","8/19/2026 5:50:57 PM",
"lkiesling","lkiesling","True","8/19/2026 5:49:01 PM",
"cgoatley","cgoatley","True","8/19/2026 5:49:40 PM",
"ctillery","ctillery","True","8/19/2026 5:50:18 PM",
"mdelillo","mdelillo","True","8/19/2026 5:50:57 PM",
"msilva","msilva","True","8/19/2026 5:49:02 PM",
"sauclair","sauclair","True","8/19/2026 5:49:40 PM",
"bwalburn","bwalburn","True","8/19/2026 5:50:19 PM",
"tcullen","tcullen","True","8/19/2026 5:50:57 PM",
"ebea","ebea","True","8/19/2026 5:49:02 PM",
"afoulk","afoulk","True","8/19/2026 5:49:41 PM",
"sbudge","sbudge","True","8/19/2026 5:50:19 PM",
"tconsiglio","tconsiglio","True","8/19/2026 5:50:57 PM",
"awaymire","awaymire","True","8/19/2026 5:49:02 PM",
"tshortt","tshortt","True","8/19/2026 5:49:41 PM",
"cmacri","cmacri","True","8/19/2026 5:50:19 PM",
"esylvia","esylvia","True","8/19/2026 5:50:57 PM",
"atesar","atesar","True","8/19/2026 5:49:02 PM",
"kmelara","kmelara","True","8/19/2026 5:49:41 PM",
"iegli","iegli","True","8/19/2026 5:50:19 PM",
"cvalles","cvalles","True","8/19/2026 5:50:57 PM",
"akitzman","akitzman","True","8/19/2026 5:49:02 PM",
"tkruchten","tkruchten","True","8/19/2026 5:49:41 PM",
"jduvall","jduvall","True","8/19/2026 5:50:19 PM",
"cleech","cleech","True","8/19/2026 5:50:58 PM",
"mwheeler","mwheeler","True","8/19/2026 5:49:02 PM",
"apaschall","apaschall","True","8/19/2026 5:49:41 PM",
"tschweiger","tschweiger","True","8/19/2026 5:50:19 PM",
"yvest","yvest","True","8/19/2026 5:50:58 PM",
"ngoldschmidt","ngoldschmidt","True","8/19/2026 5:49:02 PM",
"dharriston","dharriston","True","8/19/2026 5:49:41 PM",
"bdilks","bdilks","True","8/19/2026 5:50:19 PM",
"ssitu","ssitu","True","8/19/2026 5:50:58 PM",
"hparke","hparke","True","8/19/2026 5:49:03 PM",
"vbeller","vbeller","True","8/19/2026 5:49:42 PM",
"haispuro","haispuro","True","8/19/2026 5:50:20 PM",
"kmaher","kmaher","True","8/19/2026 5:50:58 PM",
"nmoczygemba","nmoczygemba","True","8/19/2026 5:49:03 PM",
"dbrehm","dbrehm","True","8/19/2026 5:49:42 PM",
"llatshaw","llatshaw","True","8/19/2026 5:50:20 PM",
"sstaats","sstaats","True","8/19/2026 5:50:58 PM",
"adove","adove","True","8/19/2026 5:49:03 PM",
"cquon","cquon","True","8/19/2026 5:49:42 PM",
"dhertz","dhertz","True","8/19/2026 5:50:20 PM",
"lklee","lklee","True","8/19/2026 5:50:58 PM",
"fhoriuchi","fhoriuchi","True","8/19/2026 5:49:03 PM",
"mcalle","mcalle","True","8/19/2026 5:49:42 PM",
"kshumaker","kshumaker","True","8/19/2026 5:50:20 PM",
"apurcell","apurcell","True","8/19/2026 5:50:58 PM",
"tduquette","tduquette","True","8/19/2026 5:49:03 PM",
"hbeach","hbeach","True","8/19/2026 5:49:42 PM",
"ccorea","ccorea","True","8/19/2026 5:50:20 PM",
"acosey","acosey","True","8/19/2026 5:50:59 PM",
"wsimmerman","wsimmerman","True","8/19/2026 5:49:03 PM",
"trollins","trollins","True","8/19/2026 5:49:42 PM",
"lgersten","lgersten","True","8/19/2026 5:50:20 PM",
"mdickey","mdickey","True","8/19/2026 5:50:59 PM",
"wfalco","wfalco","True","8/19/2026 5:49:04 PM",
"tsegars","tsegars","True","8/19/2026 5:49:42 PM",
"hlamons","hlamons","True","8/19/2026 5:50:21 PM",
"ctavarez","ctavarez","True","8/19/2026 5:50:59 PM",
"eloeffler","eloeffler","True","8/19/2026 5:49:04 PM",
"jresendiz","jresendiz","True","8/19/2026 5:49:43 PM",
"pkummer","pkummer","True","8/19/2026 5:50:21 PM",
"smosbey","smosbey","True","8/19/2026 5:50:59 PM",
"amcdougall","amcdougall","True","8/19/2026 5:49:04 PM",
"arotz","arotz","True","8/19/2026 5:49:43 PM",
"mleisinger","mleisinger","True","8/19/2026 5:50:21 PM",
"pthrash","pthrash","True","8/19/2026 5:50:59 PM",
"dstockstill","dstockstill","True","8/19/2026 5:49:04 PM",
"klichtenberger","klichtenberger","True","8/19/2026 5:49:43 PM",
"ssabat","ssabat","True","8/19/2026 5:50:21 PM",
"lisenberg","lisenberg","True","8/19/2026 5:51:00 PM",
"kgodby","kgodby","True","8/19/2026 5:49:04 PM",
"cwalke","cwalke","True","8/19/2026 5:49:43 PM",
"jcarn","jcarn","True","8/19/2026 5:50:21 PM",
"nrodriquez","nrodriquez","True","8/19/2026 5:51:00 PM",
"dhochman","dhochman","True","8/19/2026 5:49:04 PM",
"cbarrus","cbarrus","True","8/19/2026 5:49:43 PM",
"rzacarias","rzacarias","True","8/19/2026 5:50:21 PM",
"vwilkin","vwilkin","True","8/19/2026 5:51:00 PM",
"ncatania","ncatania","True","8/19/2026 5:49:05 PM",
"rmandujano","rmandujano","True","8/19/2026 5:49:43 PM",
"ecanney","ecanney","True","8/19/2026 5:50:22 PM",
"arezendes","arezendes","True","8/19/2026 5:51:00 PM",
"wfrasure","wfrasure","True","8/19/2026 5:49:05 PM",
"bephraim","bephraim","True","8/19/2026 5:49:44 PM",
"eshuey","eshuey","True","8/19/2026 5:50:22 PM",
"ecornette","ecornette","True","8/19/2026 5:51:00 PM",
"tfenderson","tfenderson","True","8/19/2026 5:49:05 PM",
"soliphant","soliphant","True","8/19/2026 5:49:44 PM",
"cmckenzie","cmckenzie","True","8/19/2026 5:50:22 PM",
"jwirth","jwirth","True","8/19/2026 5:51:00 PM",
"icarberry","icarberry","True","8/19/2026 5:49:05 PM",
"gnewquist","gnewquist","True","8/19/2026 5:49:44 PM",
"hmendiola","hmendiola","True","8/19/2026 5:50:22 PM",
"joboyle","joboyle","True","8/19/2026 5:51:01 PM",
"kcrist","kcrist","True","8/19/2026 5:49:05 PM",
"jdemuth","jdemuth","True","8/19/2026 5:49:44 PM",
"mhadnot","mhadnot","True","8/19/2026 5:50:22 PM",
"rdankert","rdankert","True","8/19/2026 5:51:01 PM",
"egreenawalt","egreenawalt","True","8/19/2026 5:49:05 PM",
"wlevitt","wlevitt","True","8/19/2026 5:49:44 PM",
"alowenthal","alowenthal","True","8/19/2026 5:50:22 PM",
"kdestefano","kdestefano","True","8/19/2026 5:51:01 PM",
"aabrev","aabrev","True","8/19/2026 5:49:05 PM",
"rsandberg","rsandberg","True","8/19/2026 5:49:44 PM",
"gptacek","gptacek","True","8/19/2026 5:50:23 PM",
"ystrandberg","ystrandberg","True","8/19/2026 5:51:01 PM",
"llaflamme","llaflamme","True","8/19/2026 5:49:05 PM",
"lvandermolen","lvandermolen","True","8/19/2026 5:49:45 PM",
"ddamore","ddamore","True","8/19/2026 5:50:23 PM",
"lsande","lsande","True","8/19/2026 5:51:01 PM",
"amundell","amundell","True","8/19/2026 5:49:06 PM",
"fhaddon","fhaddon","True","8/19/2026 5:49:45 PM",
"cmask","cmask","True","8/19/2026 5:50:23 PM",
"kmenefee","kmenefee","True","8/19/2026 5:51:01 PM",
"bduhaime","bduhaime","True","8/19/2026 5:49:06 PM",
"anivens","anivens","True","8/19/2026 5:49:45 PM",
"smazon","smazon","True","8/19/2026 5:50:23 PM",
"lheight","lheight","True","8/19/2026 5:51:02 PM",
"ekrenz","ekrenz","True","8/19/2026 5:49:06 PM",
"mpless","mpless","True","8/19/2026 5:49:45 PM",
"awilleford","awilleford","True","8/19/2026 5:50:23 PM",
"acarron","acarron","True","8/19/2026 5:51:02 PM",
"egangestad","egangestad","True","8/19/2026 5:49:06 PM",
"srueter","srueter","True","8/19/2026 5:49:45 PM",
"tlirette","tlirette","True","8/19/2026 5:50:23 PM",
"hlatorre","hlatorre","True","8/19/2026 5:51:02 PM",
"obarkley","obarkley","True","8/19/2026 5:49:06 PM",
"akime","akime","True","8/19/2026 5:49:45 PM",
"nstennett","nstennett","True","8/19/2026 5:50:23 PM",
"kpalomba","kpalomba","True","8/19/2026 5:51:02 PM",
"lteller","lteller","True","8/19/2026 5:49:06 PM",
"dbonaparte","dbonaparte","True","8/19/2026 5:49:45 PM",
"alove","alove","True","8/19/2026 5:50:23 PM",
"ahinkle","ahinkle","True","8/19/2026 5:51:02 PM",
"kmccullers","kmccullers","True","8/19/2026 5:49:06 PM",
"bgalli","bgalli","True","8/19/2026 5:49:46 PM",
"mverdun","mverdun","True","8/19/2026 5:50:24 PM",
"ddalrymple","ddalrymple","True","8/19/2026 5:51:02 PM",
"lprothro","lprothro","True","8/19/2026 5:49:07 PM",
"cbland","cbland","True","8/19/2026 5:49:46 PM",
"jtonn","jtonn","True","8/19/2026 5:50:24 PM",
"lfabrizio","lfabrizio","True","8/19/2026 5:51:03 PM",
"rpaynter","rpaynter","True","8/19/2026 5:49:07 PM",
"rreilly","rreilly","True","8/19/2026 5:49:46 PM",
"mstreicher","mstreicher","True","8/19/2026 5:50:24 PM",
"dattwood","dattwood","True","8/19/2026 5:51:03 PM",
"cstrawser","cstrawser","True","8/19/2026 5:49:07 PM",
"ccastillon","ccastillon","True","8/19/2026 5:49:46 PM",
"vkieser","vkieser","True","8/19/2026 5:50:24 PM",
"cbroadnax","cbroadnax","True","8/19/2026 5:51:03 PM",
"ptardy","ptardy","True","8/19/2026 5:49:07 PM",
"flatta","flatta","True","8/19/2026 5:49:46 PM",
"jhedberg","jhedberg","True","8/19/2026 5:50:24 PM",
"rsmithwick","rsmithwick","True","8/19/2026 5:51:03 PM",
"hmcmeans","hmcmeans","True","8/19/2026 5:49:07 PM",
"pgilmour","pgilmour","True","8/19/2026 5:49:46 PM",
"dbalentine","dbalentine","True","8/19/2026 5:50:24 PM",
"fbrokaw","fbrokaw","True","8/19/2026 5:51:03 PM",
"naikens","naikens","True","8/19/2026 5:49:07 PM",
"sbivins","sbivins","True","8/19/2026 5:49:46 PM",
"mkort","mkort","True","8/19/2026 5:50:24 PM",
"eburgener","eburgener","True","8/19/2026 5:51:03 PM",
"aebinger","aebinger","True","8/19/2026 5:49:07 PM",
"scutting","scutting","True","8/19/2026 5:49:47 PM",
"kgonsalves","kgonsalves","True","8/19/2026 5:50:24 PM",
"lsever","lsever","True","8/19/2026 5:51:03 PM",
"storre","storre","True","8/19/2026 5:49:08 PM",
"mbuchheit","mbuchheit","True","8/19/2026 5:49:47 PM",
"mmarlette","mmarlette","True","8/19/2026 5:50:25 PM",
"isoliman","isoliman","True","8/19/2026 5:51:04 PM",
"rruppe","rruppe","True","8/19/2026 5:49:08 PM",
"hlevin","hlevin","True","8/19/2026 5:49:47 PM",
"lkinghorn","lkinghorn","True","8/19/2026 5:50:25 PM",
"jfordham","jfordham","True","8/19/2026 5:51:04 PM",
"hfeliz","hfeliz","True","8/19/2026 5:49:08 PM",
"schacko","schacko","True","8/19/2026 5:49:47 PM",
"cwing","cwing","True","8/19/2026 5:50:25 PM",
"usargent","usargent","True","8/19/2026 5:51:04 PM",
"mcarneal","mcarneal","True","8/19/2026 5:49:08 PM",
"llollis","llollis","True","8/19/2026 5:49:47 PM",
"hmilone","hmilone","True","8/19/2026 5:50:25 PM",
"vgrube","vgrube","True","8/19/2026 5:51:04 PM",
"hrusin","hrusin","True","8/19/2026 5:49:08 PM",
"jbachelor","jbachelor","True","8/19/2026 5:49:47 PM",
"mwaites","mwaites","True","8/19/2026 5:50:25 PM",
"snicastro","snicastro","True","8/19/2026 5:51:04 PM",
"eelfrink","eelfrink","True","8/19/2026 5:49:09 PM",
"clondono","clondono","True","8/19/2026 5:49:47 PM",
"astruck","astruck","True","8/19/2026 5:50:25 PM",
"rrector","rrector","True","8/19/2026 5:51:04 PM",
"veverett","veverett","True","8/19/2026 5:49:09 PM",
"mbailey","mbailey","True","8/19/2026 5:49:48 PM",
"pscoville","pscoville","True","8/19/2026 5:50:25 PM",
"dmowrey","dmowrey","True","8/19/2026 5:51:05 PM",
"spaulo","spaulo","True","8/19/2026 5:49:09 PM",
"bcolone","bcolone","True","8/19/2026 5:49:48 PM",
"jreames","jreames","True","8/19/2026 5:50:25 PM",
"tdelpriore","tdelpriore","True","8/19/2026 5:51:05 PM",
"ematarazzo","ematarazzo","True","8/19/2026 5:49:09 PM",
"gbaskins","gbaskins","True","8/19/2026 5:49:48 PM",
"bmaclean","bmaclean","True","8/19/2026 5:50:25 PM",
"ehovey","ehovey","True","8/19/2026 5:51:05 PM",
"cmerten","cmerten","True","8/19/2026 5:49:09 PM",
"mweil","mweil","True","8/19/2026 5:49:48 PM",
"jdecesare","jdecesare","True","8/19/2026 5:50:26 PM",
"dfrausto","dfrausto","True","8/19/2026 5:51:05 PM",
"elinnell","elinnell","True","8/19/2026 5:49:09 PM",
"dkeim","dkeim","True","8/19/2026 5:49:48 PM",
"fkessel","fkessel","True","8/19/2026 5:50:26 PM",
"msingh","msingh","True","8/19/2026 5:51:05 PM",
"jbullins","jbullins","True","8/19/2026 5:49:09 PM",
"croza","croza","True","8/19/2026 5:49:48 PM",
"aschwalb","aschwalb","True","8/19/2026 5:50:26 PM",
"gdarville","gdarville","True","8/19/2026 5:51:05 PM",
"htomaselli","htomaselli","True","8/19/2026 5:49:10 PM",
"cmccardle","cmccardle","True","8/19/2026 5:49:48 PM",
"csontag","csontag","True","8/19/2026 5:50:26 PM",
"lmciver","lmciver","True","8/19/2026 5:51:06 PM",
"karaiza","karaiza","True","8/19/2026 5:49:10 PM",
"lboley","lboley","True","8/19/2026 5:49:49 PM",
"hmortenson","hmortenson","True","8/19/2026 5:50:26 PM",
"kbutcher","kbutcher","True","8/19/2026 5:51:06 PM",
"sbish","sbish","True","8/19/2026 5:49:10 PM",
"estruthers","estruthers","True","8/19/2026 5:49:49 PM",
"atalley","atalley","True","8/19/2026 5:50:26 PM",
"mchestnut","mchestnut","True","8/19/2026 5:51:06 PM",
"ldebruyn","ldebruyn","True","8/19/2026 5:49:10 PM",
"tkulesza","tkulesza","True","8/19/2026 5:49:49 PM",
"ystoneking","ystoneking","True","8/19/2026 5:50:26 PM",
"nlefevre","nlefevre","True","8/19/2026 5:51:06 PM",
"agardner","agardner","True","8/19/2026 5:49:10 PM",
"glippincott","glippincott","True","8/19/2026 5:49:49 PM",
"wshao","wshao","True","8/19/2026 5:50:27 PM",
"cwestover","cwestover","True","8/19/2026 5:51:06 PM",
"jbuse","jbuse","True","8/19/2026 5:49:10 PM",
"gkilby","gkilby","True","8/19/2026 5:49:49 PM",
"eclausing","eclausing","True","8/19/2026 5:50:27 PM",
"vezzell","vezzell","True","8/19/2026 5:51:06 PM",
"cneidert","cneidert","True","8/19/2026 5:49:10 PM",
"hmallory","hmallory","True","8/19/2026 5:49:49 PM",
"ccaver","ccaver","True","8/19/2026 5:50:27 PM",
"dannunziata","dannunziata","True","8/19/2026 5:51:07 PM",
"mwilkens","mwilkens","True","8/19/2026 5:49:11 PM",
"skoontz","skoontz","True","8/19/2026 5:49:50 PM",
"dbarrios","dbarrios","True","8/19/2026 5:50:27 PM",
"smitschke","smitschke","True","8/19/2026 5:51:07 PM",
"smessing","smessing","True","8/19/2026 5:49:11 PM",
"jstansel","jstansel","True","8/19/2026 5:49:50 PM",
"elindquist","elindquist","True","8/19/2026 5:50:27 PM",
"kmarden","kmarden","True","8/19/2026 5:51:07 PM",
"sstroble","sstroble","True","8/19/2026 5:49:11 PM",
"jsaephan","jsaephan","True","8/19/2026 5:49:50 PM",
"jpasha","jpasha","True","8/19/2026 5:50:27 PM",
"mraper","mraper","True","8/19/2026 5:51:07 PM",
"cpriebe","cpriebe","True","8/19/2026 5:49:11 PM",
"lgeorges","lgeorges","True","8/19/2026 5:49:50 PM",
"rparo","rparo","True","8/19/2026 5:50:27 PM",
"dwillmore","dwillmore","True","8/19/2026 5:51:07 PM",
"ldenman","ldenman","True","8/19/2026 5:49:11 PM",
"kkimery","kkimery","True","8/19/2026 5:49:50 PM",
"lkoll","lkoll","True","8/19/2026 5:50:28 PM",
"tbasilio","tbasilio","True","8/19/2026 5:51:07 PM",
"ymagar","ymagar","True","8/19/2026 5:49:11 PM",
"rdietz","rdietz","True","8/19/2026 5:49:50 PM",
"rtemple","rtemple","True","8/19/2026 5:50:28 PM",
"bgilmer","bgilmer","True","8/19/2026 5:51:08 PM",
"chathcock","chathcock","True","8/19/2026 5:49:11 PM",
"rsteeves","rsteeves","True","8/19/2026 5:49:50 PM",
"cperrigo","cperrigo","True","8/19/2026 5:50:28 PM",
"cconboy","cconboy","True","8/19/2026 5:51:08 PM",
"bturbeville","bturbeville","True","8/19/2026 5:49:12 PM",
"cbiro","cbiro","True","8/19/2026 5:49:50 PM",
"ablaker","ablaker","True","8/19/2026 5:50:28 PM",
"mhakes","mhakes","True","8/19/2026 5:51:08 PM",
"rseyler","rseyler","True","8/19/2026 5:49:12 PM",
"jraymo","jraymo","True","8/19/2026 5:49:50 PM",
"mschmieder","mschmieder","True","8/19/2026 5:50:28 PM",
"arettig","arettig","True","8/19/2026 5:51:08 PM",
"ecampione","ecampione","True","8/19/2026 5:49:12 PM",
"scoburn","scoburn","True","8/19/2026 5:49:51 PM",
"mingenito","mingenito","True","8/19/2026 5:50:28 PM",
"nknobloch","nknobloch","True","8/19/2026 5:49:12 PM",
"sstubblefield","sstubblefield","True","8/19/2026 5:49:51 PM",
"jflury","jflury","True","8/19/2026 5:50:29 PM",
"eherman","eherman","True","8/19/2026 5:49:12 PM",
"emederos","emederos","True","8/19/2026 5:49:51 PM",
"srex","srex","True","8/19/2026 5:50:29 PM",
"olesure","olesure","True","8/19/2026 5:49:12 PM",
"rsauter","rsauter","True","8/19/2026 5:49:51 PM",
"nmccrory","nmccrory","True","8/19/2026 5:50:29 PM",
"tgrigg","tgrigg","True","8/19/2026 5:49:12 PM",
"bcraw","bcraw","True","8/19/2026 5:49:51 PM",
"gcorning","gcorning","True","8/19/2026 5:50:29 PM",
"afreitag","afreitag","True","8/19/2026 5:49:13 PM",
"aguo","aguo","True","8/19/2026 5:49:51 PM",
"mphilbeck","mphilbeck","True","8/19/2026 5:50:29 PM",
"arayos","arayos","True","8/19/2026 5:49:13 PM",
"mbodin","mbodin","True","8/19/2026 5:49:51 PM",
"mcrecelius","mcrecelius","True","8/19/2026 5:50:29 PM",
"rkuder","rkuder","True","8/19/2026 5:49:13 PM",
"gdorsch","gdorsch","True","8/19/2026 5:49:52 PM",
"rjennette","rjennette","True","8/19/2026 5:50:30 PM",
"mmiddlebrook","mmiddlebrook","True","8/19/2026 5:49:13 PM",
"kpremo","kpremo","True","8/19/2026 5:49:52 PM",
"charring","charring","True","8/19/2026 5:50:30 PM",
"mpetrey","mpetrey","True","8/19/2026 5:49:13 PM",
"istach","istach","True","8/19/2026 5:49:52 PM",
"sscholl","sscholl","True","8/19/2026 5:50:30 PM",
"rsigala","rsigala","True","8/19/2026 5:49:13 PM",
"kkluge","kkluge","True","8/19/2026 5:49:52 PM",
"mpolson","mpolson","True","8/19/2026 5:50:30 PM",
"jdeak","jdeak","True","8/19/2026 5:49:14 PM",
"gnitz","gnitz","True","8/19/2026 5:49:52 PM",
"wtrower","wtrower","True","8/19/2026 5:50:30 PM",
"gjordan","gjordan","True","8/19/2026 5:49:14 PM",
"fkarl","fkarl","True","8/19/2026 5:49:52 PM",
"lraley","lraley","True","8/19/2026 5:50:30 PM",
"okirts","okirts","True","8/19/2026 5:49:14 PM",
"nspeth","nspeth","True","8/19/2026 5:49:53 PM",
"vhise","vhise","True","8/19/2026 5:50:30 PM",
"mdowdle","mdowdle","True","8/19/2026 5:49:14 PM",
"ahayne","ahayne","True","8/19/2026 5:49:53 PM",
"asilcox","asilcox","True","8/19/2026 5:50:31 PM",
"fvillalba","fvillalba","True","8/19/2026 5:49:14 PM",
"rkeeble","rkeeble","True","8/19/2026 5:49:53 PM",
"afasching","afasching","True","8/19/2026 5:50:31 PM",
"jedge","jedge","True","8/19/2026 5:49:14 PM",
"glakin","glakin","True","8/19/2026 5:49:53 PM",
"kkingston","kkingston","True","8/19/2026 5:50:31 PM",
"bhastings","bhastings","True","8/19/2026 5:49:15 PM",
"amatousek","amatousek","True","8/19/2026 5:49:53 PM",
"gcorle","gcorle","True","8/19/2026 5:50:31 PM",
"mhildebrand","mhildebrand","True","8/19/2026 5:49:15 PM",
"hbarkman","hbarkman","True","8/19/2026 5:49:53 PM",
"pchristman","pchristman","True","8/19/2026 5:50:31 PM",
"cduckworth","cduckworth","True","8/19/2026 5:49:15 PM",
"vfetterman","vfetterman","True","8/19/2026 5:49:53 PM",
"anail","anail","True","8/19/2026 5:50:31 PM",
"kkoester","kkoester","True","8/19/2026 5:49:15 PM",
"arosser","arosser","True","8/19/2026 5:49:54 PM",
"eparedez","eparedez","True","8/19/2026 5:50:32 PM",
"tarteaga","tarteaga","True","8/19/2026 5:49:54 PM",
"clevier","clevier","True","8/19/2026 5:50:32 PM",
"jnoriega","jnoriega","True","8/19/2026 5:49:15 PM",
"kpopek","kpopek","True","8/19/2026 5:49:54 PM",
"epines","epines","True","8/19/2026 5:50:32 PM",
"dpannell","dpannell","True","8/19/2026 5:49:15 PM",
"dwaggoner","dwaggoner","True","8/19/2026 5:49:54 PM",
"kpiscitelli","kpiscitelli","True","8/19/2026 5:50:32 PM",
"sbeater","sbeater","True","8/19/2026 5:48:36 PM",
"kjurgens","kjurgens","True","8/19/2026 5:49:16 PM",
"bgriffey","bgriffey","True","8/19/2026 5:49:54 PM",
"keby","keby","True","8/19/2026 5:50:32 PM",
"dearls","dearls","True","8/19/2026 5:48:36 PM",
"rcasady","rcasady","True","8/19/2026 5:49:16 PM",
"tress","tress","True","8/19/2026 5:49:54 PM",
"rgump","rgump","True","8/19/2026 5:50:32 PM",
"snell","snell","True","8/19/2026 5:48:36 PM",
"lmagill","lmagill","True","8/19/2026 5:49:16 PM",
"lrushing","lrushing","True","8/19/2026 5:49:54 PM",
"lraske","lraske","True","8/19/2026 5:50:32 PM",
"jgrieb","jgrieb","True","8/19/2026 5:48:36 PM",
"pdubose","pdubose","True","8/19/2026 5:49:16 PM",
"hmichalik","hmichalik","True","8/19/2026 5:49:55 PM",
"tellington","tellington","True","8/19/2026 5:50:32 PM",
"mbenes","mbenes","True","8/19/2026 5:48:37 PM",
"afiles","afiles","True","8/19/2026 5:49:16 PM",
"tkopczynski","tkopczynski","True","8/19/2026 5:49:55 PM",
"imadia","imadia","True","8/19/2026 5:50:33 PM",
"lborchardt","lborchardt","True","8/19/2026 5:48:37 PM",
"mclaypool","mclaypool","True","8/19/2026 5:49:16 PM",
"lmikel","lmikel","True","8/19/2026 5:49:55 PM",
"ibridgman","ibridgman","True","8/19/2026 5:50:33 PM",
"dplumb","dplumb","True","8/19/2026 5:48:37 PM",
"tdeibler","tdeibler","True","8/19/2026 5:49:16 PM",
"dansley","dansley","True","8/19/2026 5:49:55 PM",
"ekreider","ekreider","True","8/19/2026 5:50:33 PM",
"iburdo","iburdo","True","8/19/2026 5:48:37 PM",
"mmeisinger","mmeisinger","True","8/19/2026 5:49:17 PM",
"hchasse","hchasse","True","8/19/2026 5:49:55 PM",
"tlamers","tlamers","True","8/19/2026 5:50:33 PM",
"rloveless","rloveless","True","8/19/2026 5:48:37 PM",
"tjoines","tjoines","True","8/19/2026 5:49:17 PM",
"mfino","mfino","True","8/19/2026 5:49:55 PM",
"ehollins","ehollins","True","8/19/2026 5:50:33 PM",
"bbame","bbame","True","8/19/2026 5:48:38 PM",
"ademello","ademello","True","8/19/2026 5:49:17 PM",
"astuart","astuart","True","8/19/2026 5:49:55 PM",
"rhonea","rhonea","True","8/19/2026 5:50:33 PM",
"mrash","mrash","True","8/19/2026 5:48:38 PM",
"nrott","nrott","True","8/19/2026 5:49:17 PM",
"gmaster","gmaster","True","8/19/2026 5:49:56 PM",
"lbarringer","lbarringer","True","8/19/2026 5:50:33 PM",
"kaultman","kaultman","True","8/19/2026 5:48:38 PM",
"ischutte","ischutte","True","8/19/2026 5:49:17 PM",
"chydrick","chydrick","True","8/19/2026 5:49:56 PM",
"rwoolbright","rwoolbright","True","8/19/2026 5:50:34 PM",
"omcray","omcray","True","8/19/2026 5:48:38 PM",
"osimental","osimental","True","8/19/2026 5:49:17 PM",
"olahr","olahr","True","8/19/2026 5:49:56 PM",
"jbeverlin","jbeverlin","True","8/19/2026 5:48:38 PM",
"sselvage","sselvage","True","8/19/2026 5:49:17 PM",
"lbarlow","lbarlow","True","8/19/2026 5:49:56 PM",
"mtuck","mtuck","True","8/19/2026 5:50:34 PM",
"btowe","btowe","True","8/19/2026 5:48:38 PM",
"mtokar","mtokar","True","8/19/2026 5:49:18 PM",
"lrees","lrees","True","8/19/2026 5:49:56 PM",
"wmelnyk","wmelnyk","True","8/19/2026 5:50:34 PM",
"sbatchelor","sbatchelor","True","8/19/2026 5:48:38 PM",
"slesher","slesher","True","8/19/2026 5:49:18 PM",
"vgonser","vgonser","True","8/19/2026 5:49:56 PM",
"lstigall","lstigall","True","8/19/2026 5:50:34 PM",
"zvarian","zvarian","True","8/19/2026 5:48:39 PM",
"leggleton","leggleton","True","8/19/2026 5:49:18 PM",
"sstier","sstier","True","8/19/2026 5:49:56 PM",
"dduguay","dduguay","True","8/19/2026 5:50:34 PM",
"ageisel","ageisel","True","8/19/2026 5:48:39 PM",
"mtomaszewski","mtomaszewski","True","8/19/2026 5:49:18 PM",
"mglascock","mglascock","True","8/19/2026 5:49:57 PM",
"wdavalos","wdavalos","True","8/19/2026 5:50:34 PM",
"asclafani","asclafani","True","8/19/2026 5:48:39 PM",
"lreveles","lreveles","True","8/19/2026 5:49:18 PM",
"ostraube","ostraube","True","8/19/2026 5:49:57 PM",
"lsojka","lsojka","True","8/19/2026 5:50:35 PM",
"erouleau","erouleau","True","8/19/2026 5:48:39 PM",
"rclendenin","rclendenin","True","8/19/2026 5:49:18 PM",
"hrenninger","hrenninger","True","8/19/2026 5:49:57 PM",
"nepstein","nepstein","True","8/19/2026 5:50:35 PM",
"lsenegal","lsenegal","True","8/19/2026 5:48:39 PM",
"gborg","gborg","True","8/19/2026 5:49:18 PM",
"mgayles","mgayles","True","8/19/2026 5:49:57 PM",
"mweldon","mweldon","True","8/19/2026 5:50:35 PM",
"lbelair","lbelair","True","8/19/2026 5:48:39 PM",
"bmershon","bmershon","True","8/19/2026 5:49:19 PM",
"yherbert","yherbert","True","8/19/2026 5:49:57 PM",
"mwurtz","mwurtz","True","8/19/2026 5:50:35 PM",
"amcgreevy","amcgreevy","True","8/19/2026 5:48:40 PM",
"ckosinski","ckosinski","True","8/19/2026 5:49:19 PM",
"nsteinhauser","nsteinhauser","True","8/19/2026 5:49:57 PM",
"lacoff","lacoff","True","8/19/2026 5:50:35 PM",
"sharden","sharden","True","8/19/2026 5:48:40 PM",
"nlasso","nlasso","True","8/19/2026 5:49:19 PM",
"hflannery","hflannery","True","8/19/2026 5:49:57 PM",
"jhusbands","jhusbands","True","8/19/2026 5:50:35 PM",
"cdunstan","cdunstan","True","8/19/2026 5:48:40 PM",
"lkwok","lkwok","True","8/19/2026 5:49:19 PM",
"emaring","emaring","True","8/19/2026 5:49:58 PM",
"ebiller","ebiller","True","8/19/2026 5:50:36 PM",
"ilupien","ilupien","True","8/19/2026 5:48:40 PM",
"njaggers","njaggers","True","8/19/2026 5:49:19 PM",
"bstrelow","bstrelow","True","8/19/2026 5:49:58 PM",
"gramey","gramey","True","8/19/2026 5:50:36 PM",
"fsterling","fsterling","True","8/19/2026 5:48:40 PM",
"mdefilippo","mdefilippo","True","8/19/2026 5:49:20 PM",
"skrupp","skrupp","True","8/19/2026 5:49:58 PM",
"cswisher","cswisher","True","8/19/2026 5:50:36 PM",
"iselvidge","iselvidge","True","8/19/2026 5:48:40 PM",
"thaug","thaug","True","8/19/2026 5:49:20 PM",
"ebunn","ebunn","True","8/19/2026 5:49:59 PM",
"kmarkel","kmarkel","True","8/19/2026 5:50:36 PM",
"mgartin","mgartin","True","8/19/2026 5:48:41 PM",
"knishimoto","knishimoto","True","8/19/2026 5:49:20 PM",
"bmcgrew","bmcgrew","True","8/19/2026 5:49:59 PM",
"kbrass","kbrass","True","8/19/2026 5:50:36 PM",
"cshaddix","cshaddix","True","8/19/2026 5:48:41 PM",
"bewan","bewan","True","8/19/2026 5:49:20 PM",
"jvancuren","jvancuren","True","8/19/2026 5:49:59 PM",
"ltopper","ltopper","True","8/19/2026 5:50:36 PM",
"lirvin","lirvin","True","8/19/2026 5:48:41 PM",
"bmetzler","bmetzler","True","8/19/2026 5:49:20 PM",
"vwarwick","vwarwick","True","8/19/2026 5:49:59 PM",
"apiller","apiller","True","8/19/2026 5:50:37 PM",
"hskipper","hskipper","True","8/19/2026 5:48:41 PM",
"jmumm","jmumm","True","8/19/2026 5:49:20 PM",
"lburgener","lburgener","True","8/19/2026 5:49:59 PM",
"mleth","mleth","True","8/19/2026 5:50:37 PM",
"lpaz","lpaz","True","8/19/2026 5:48:41 PM",
"cschueler","cschueler","True","8/19/2026 5:49:20 PM",
"egarland","egarland","True","8/19/2026 5:49:59 PM",
"sblair","sblair","True","8/19/2026 5:50:37 PM",
"nbriski","nbriski","True","8/19/2026 5:48:41 PM",
"scourter","scourter","True","8/19/2026 5:49:21 PM",
"jsandy","jsandy","True","8/19/2026 5:49:59 PM",
"aholcombe","aholcombe","True","8/19/2026 5:50:37 PM",
"kchico","kchico","True","8/19/2026 5:48:42 PM",
"trossbach","trossbach","True","8/19/2026 5:49:21 PM",
"ybadgett","ybadgett","True","8/19/2026 5:50:00 PM",
"freisch","freisch","True","8/19/2026 5:50:37 PM",
"dbiondo","dbiondo","True","8/19/2026 5:48:42 PM",
"emeighan","emeighan","True","8/19/2026 5:49:21 PM",
"tfu","tfu","True","8/19/2026 5:50:00 PM",
"mmontelongo","mmontelongo","True","8/19/2026 5:50:37 PM",
"crinaldi","crinaldi","True","8/19/2026 5:48:42 PM",
"abonavita","abonavita","True","8/19/2026 5:49:21 PM",
"nminogue","nminogue","True","8/19/2026 5:50:00 PM",
"clovato","clovato","True","8/19/2026 5:50:37 PM",
"cibarra","cibarra","True","8/19/2026 5:48:42 PM",
"amuck","amuck","True","8/19/2026 5:49:21 PM",
"zsiniard","zsiniard","True","8/19/2026 5:50:00 PM",
"hfouse","hfouse","True","8/19/2026 5:50:38 PM",
"ttaitt","ttaitt","True","8/19/2026 5:48:42 PM",
"amellin","amellin","True","8/19/2026 5:49:21 PM",
"jclient","jclient","True","8/19/2026 5:50:00 PM",
"pwilkie","pwilkie","True","8/19/2026 5:50:38 PM",
"cansari","cansari","True","8/19/2026 5:48:42 PM",
"fwaxman","fwaxman","True","8/19/2026 5:49:21 PM",
"mfahnestock","mfahnestock","True","8/19/2026 5:50:00 PM",
"jungar","jungar","True","8/19/2026 5:50:38 PM",
"tstaller","tstaller","True","8/19/2026 5:48:42 PM",
"kokada","kokada","True","8/19/2026 5:49:22 PM",
"rfetzer","rfetzer","True","8/19/2026 5:50:00 PM",
"mframe","mframe","True","8/19/2026 5:50:38 PM",
"sbaxley","sbaxley","True","8/19/2026 5:48:43 PM",
"aswarthout","aswarthout","True","8/19/2026 5:49:22 PM",
"vwhistler","vwhistler","True","8/19/2026 5:50:01 PM",
"dluongo","dluongo","True","8/19/2026 5:50:38 PM",
"agoltz","agoltz","True","8/19/2026 5:48:43 PM",
"rpresident","rpresident","True","8/19/2026 5:49:22 PM",
"mquiroz","mquiroz","True","8/19/2026 5:50:01 PM",
"mmendes","mmendes","True","8/19/2026 5:50:38 PM",
"jdonati","jdonati","True","8/19/2026 5:48:43 PM",
"tkarter","tkarter","True","8/19/2026 5:49:22 PM",
"ltyra","ltyra","True","8/19/2026 5:50:01 PM",
"gbeard","gbeard","True","8/19/2026 5:50:38 PM",
"tnocera","tnocera","True","8/19/2026 5:48:43 PM",
"slarmon","slarmon","True","8/19/2026 5:49:22 PM",
"jnutt","jnutt","True","8/19/2026 5:50:01 PM",
"hrobles","hrobles","True","8/19/2026 5:50:38 PM",
"tgoggans","tgoggans","True","8/19/2026 5:48:43 PM",
"dsaunder","dsaunder","True","8/19/2026 5:49:22 PM",
"egaydos","egaydos","True","8/19/2026 5:50:01 PM",
"mcogswell","mcogswell","True","8/19/2026 5:50:38 PM",
"vlafleur","vlafleur","True","8/19/2026 5:48:43 PM",
"mmontemayor","mmontemayor","True","8/19/2026 5:49:22 PM",
"avautour","avautour","True","8/19/2026 5:50:01 PM",
"dmcentire","dmcentire","True","8/19/2026 5:50:38 PM",
"dbanda","dbanda","True","8/19/2026 5:48:43 PM",
"tlitchford","tlitchford","True","8/19/2026 5:49:23 PM",
"msolberg","msolberg","True","8/19/2026 5:50:01 PM",
"abirk","abirk","True","8/19/2026 5:48:44 PM",
"hpeterkin","hpeterkin","True","8/19/2026 5:49:23 PM",
"nmartines","nmartines","True","8/19/2026 5:50:02 PM",
"lcavalier","lcavalier","True","8/19/2026 5:50:39 PM",
"lmccusker","lmccusker","True","8/19/2026 5:48:44 PM",
"evandermeulen","evandermeulen","True","8/19/2026 5:49:23 PM",
"smarcy","smarcy","True","8/19/2026 5:50:02 PM",
"vroman","vroman","True","8/19/2026 5:50:39 PM",
"rhellums","rhellums","True","8/19/2026 5:48:44 PM",
"cnavarrette","cnavarrette","True","8/19/2026 5:49:23 PM",
"aburtt","aburtt","True","8/19/2026 5:50:02 PM",
"cdally","cdally","True","8/19/2026 5:50:39 PM",
"klarose","klarose","True","8/19/2026 5:48:44 PM",
"pgaynor","pgaynor","True","8/19/2026 5:49:23 PM",
"moneal","moneal","True","8/19/2026 5:50:02 PM",
"emanners","emanners","True","8/19/2026 5:50:39 PM",
"esandor","esandor","True","8/19/2026 5:48:44 PM",
"wquijada","wquijada","True","8/19/2026 5:49:23 PM",
"leisert","leisert","True","8/19/2026 5:50:02 PM",
"jlamoureaux","jlamoureaux","True","8/19/2026 5:50:39 PM",
"mravenscroft","mravenscroft","True","8/19/2026 5:48:44 PM",
"kpatague","kpatague","True","8/19/2026 5:49:23 PM",
"tblankenbaker","tblankenbaker","True","8/19/2026 5:50:02 PM",
"kmccreery","kmccreery","True","8/19/2026 5:50:39 PM",
"dedgington","dedgington","True","8/19/2026 5:48:45 PM",
"brheaume","brheaume","True","8/19/2026 5:49:24 PM",
"scaldwell","scaldwell","True","8/19/2026 5:50:03 PM",
"hbriner","hbriner","True","8/19/2026 5:50:40 PM",
"rcrocker","rcrocker","True","8/19/2026 5:48:45 PM",
"ggranillo","ggranillo","True","8/19/2026 5:49:24 PM",
"mcasson","mcasson","True","8/19/2026 5:50:03 PM",
"chuges","chuges","True","8/19/2026 5:50:40 PM",
"astrout","astrout","True","8/19/2026 5:48:45 PM",
"cluque","cluque","True","8/19/2026 5:49:24 PM",
"sreindl","sreindl","True","8/19/2026 5:50:03 PM",
"kpittsley","kpittsley","True","8/19/2026 5:50:40 PM",
"eservais","eservais","True","8/19/2026 5:48:45 PM",
"plaughridge","plaughridge","True","8/19/2026 5:49:24 PM",
"cmelecio","cmelecio","True","8/19/2026 5:50:03 PM",
"fnaber","fnaber","True","8/19/2026 5:50:40 PM",
"mnicholes","mnicholes","True","8/19/2026 5:48:45 PM",
"khalley","khalley","True","8/19/2026 5:49:24 PM",
"jroiger","jroiger","True","8/19/2026 5:50:03 PM",
"lshoemake","lshoemake","True","8/19/2026 5:50:40 PM",
"iloden","iloden","True","8/19/2026 5:48:46 PM",
"vjewell","vjewell","True","8/19/2026 5:49:24 PM",
"aacre","aacre","True","8/19/2026 5:50:03 PM",
"mklatt","mklatt","True","8/19/2026 5:50:40 PM",
"lfuqua","lfuqua","True","8/19/2026 5:48:46 PM",
"vwoolsey","vwoolsey","True","8/19/2026 5:49:25 PM",
"nhamburger","nhamburger","True","8/19/2026 5:50:03 PM",
"jausherman","jausherman","True","8/19/2026 5:50:40 PM",
"csuda","csuda","True","8/19/2026 5:48:46 PM",
"lrespass","lrespass","True","8/19/2026 5:49:25 PM",
"ibirt","ibirt","True","8/19/2026 5:50:04 PM",
"iwaterbury","iwaterbury","True","8/19/2026 5:50:41 PM",
"lvanepps","lvanepps","True","8/19/2026 5:48:46 PM",
"crowell","crowell","True","8/19/2026 5:49:25 PM",
"fjanuary","fjanuary","True","8/19/2026 5:50:04 PM",
"eallende","eallende","True","8/19/2026 5:50:41 PM",
"vkay","vkay","True","8/19/2026 5:48:46 PM",
"mbockelman","mbockelman","True","8/19/2026 5:49:25 PM",
"dhewitt","dhewitt","True","8/19/2026 5:50:04 PM",
"wcapella","wcapella","True","8/19/2026 5:50:41 PM",
"dwain","dwain","True","8/19/2026 5:48:46 PM",
"barriaga","barriaga","True","8/19/2026 5:49:25 PM",
"czielinski","czielinski","True","8/19/2026 5:50:04 PM",
"mwarring","mwarring","True","8/19/2026 5:50:41 PM",
"clux","clux","True","8/19/2026 5:48:46 PM",
"omaul","omaul","True","8/19/2026 5:49:25 PM",
"lrubio","lrubio","True","8/19/2026 5:50:04 PM",
"adeguzman","adeguzman","True","8/19/2026 5:50:41 PM",
"dbaham","dbaham","True","8/19/2026 5:48:47 PM",
"vmclead","vmclead","True","8/19/2026 5:49:26 PM",
"otwine","otwine","True","8/19/2026 5:50:04 PM",
"ilarochelle","ilarochelle","True","8/19/2026 5:50:41 PM",
"sdrews","sdrews","True","8/19/2026 5:48:47 PM",
"tmonte","tmonte","True","8/19/2026 5:49:26 PM",
"jmarti","jmarti","True","8/19/2026 5:50:04 PM",
"cbruen","cbruen","True","8/19/2026 5:50:41 PM",
